{
  "urls": [
    "/assets/audio/sounds.mp3",
    "/assets/audio/sounds.ogg",
    "/assets/audio/sounds.m4a"
  ],
  "sprite": {
    "arrow_hit": [
      0,
      3018.2086167800453
    ],
    "arrow_miss": [
      5000,
      3018.2086167800453
    ],
    "bow": [
      10000,
      614.9433106575959
    ],
    "feets": [
      12000,
      484.3310657596369
    ],
    "fireball": [
      14000,
      3018.2086167800435
    ],
    "heal": [
      19000,
      3018.2086167800435
    ],
    "hit": [
      24000,
      3018.2086167800435
    ],
    "levelout": [
      29000,
      3018.2086167800435
    ],
    "lock": [
      34000,
      11925.96371882086
    ],
    "magic": [
      47000,
      5996.167800453513
    ],
    "ouch": [
      54000,
      4519.183673469385
    ],
    "pickup": [
      60000,
      4507.188208616782
    ],
    "plunk1": [
      66000,
      3018.2086167800435
    ],
    "plunk2": [
      71000,
      10463.10657596372
    ],
    "plunk3": [
      83000,
      9836.16780045351
    ],
    "push1": [
      94000,
      1044.897959183672
    ],
    "scrub2": [
      97000,
      2678.6167800453454
    ],
    "scrub3": [
      101000,
      1189.6371882086214
    ],
    "squarewave": [
      104000,
      2051.678004535148
    ],
    "step_mud": [
      108000,
      518.2086167800435
    ],
    "swallow": [
      110000,
      258.16326530612344
    ],
    "tap1": [
      112000,
      1633.7188208616737
    ],
    "tap2": [
      115000,
      2077.80045351474
    ],
    "tap3": [
      119000,
      1241.8820861678057
    ],
    "tone1": [
      122000,
      2182.290249433109
    ],
    "tone2": [
      126000,
      2339.0249433106474
    ],
    "tone3": [
      130000,
      1137.392290249437
    ],
    "tone4": [
      133000,
      1842.698412698411
    ],
    "tone5": [
      136000,
      1685.963718820858
    ],
    "tone6": [
      139000,
      2004.013605442168
    ],
    "tone7": [
      143000,
      1897.346938775513
    ],
    "tone8": [
      146000,
      2004.013605442168
    ],
    "tone9": [
      150000,
      1939.9999999999977
    ]
  }
}