{
  "urls": [
    "/assets/audio/sounds.mp3",
    "/assets/audio/sounds.ogg",
    "/assets/audio/sounds.m4a"
  ],
  "sprite": {
    "arrow_hit": [
      0,
      3018.2086167800453
    ],
    "arrow_miss": [
      5000,
      3018.2086167800453
    ],
    "bow": [
      10000,
      614.9433106575959
    ],
    "feets": [
      12000,
      484.3310657596369
    ],
    "fireball": [
      14000,
      3018.2086167800435
    ],
    "heal": [
      19000,
      3018.2086167800435
    ],
    "hit": [
      24000,
      3018.2086167800435
    ],
    "levelout": [
      29000,
      3018.2086167800435
    ],
    "lock": [
      34000,
      11925.96371882086
    ],
    "magic": [
      47000,
      5996.167800453513
    ],
    "ouch": [
      54000,
      4507.188208616782
    ],
    "pickup": [
      60000,
      4507.188208616782
    ],
    "plunk1": [
      66000,
      3018.2086167800435
    ],
    "plunk2": [
      71000,
      10463.10657596372
    ],
    "plunk3": [
      83000,
      9836.16780045351
    ],
    "push1": [
      94000,
      975.6462585034029
    ],
    "scrub2": [
      96000,
      2678.6167800453454
    ],
    "scrub3": [
      100000,
      1189.6371882086214
    ],
    "squarewave": [
      103000,
      2051.678004535148
    ],
    "tap1": [
      107000,
      1633.7188208616737
    ],
    "tap2": [
      110000,
      2077.80045351474
    ],
    "tap3": [
      114000,
      1241.8820861678057
    ],
    "tone1": [
      117000,
      2182.290249433109
    ],
    "tone2": [
      121000,
      2339.024943310662
    ],
    "tone3": [
      125000,
      1137.392290249437
    ],
    "tone4": [
      128000,
      1842.698412698411
    ],
    "tone5": [
      131000,
      1685.963718820858
    ],
    "tone6": [
      134000,
      2004.013605442168
    ],
    "tone7": [
      138000,
      1897.346938775513
    ],
    "tone8": [
      141000,
      2004.013605442168
    ],
    "tone9": [
      145000,
      1939.9999999999977
    ]
  }
}